Algorithm,Setting,Mean (all),Std (all),Mean (last 10%),Std (last 10%),N (all),N (last)
PPO,"PPO, Epochs: 10",478.741350,73.020901,500.000000,0.000000,20000,2000
PPO,"PPO, Epochs: 20",492.174670,50.998915,500.000000,0.000000,20000,2000
PPO,"PPO, Epochs: 30",493.201460,48.399218,500.000000,0.000000,20000,2000
