Algorithm,Setting,Mean (all),Std (all),Mean (last 10%),Std (last 10%),N (all),N (last)
A2C,A2C,499.754727,1.904565,499.430909,2.835834,2200,220
PPO,PPO,486.430091,39.196354,478.399090,47.433220,2200,220
