Algorithm,Setting,Mean (all),Std (all),Mean (last 10%),Std (last 10%),N (all),N (last)
DQN,DQN,11935.780067,9370.451717,13209.081835,8863.014337,20000,2000
A2C,A2C,8207.132647,5876.004583,12368.619001,5194.682857,20000,2000
PPO,PPO,16642.915633,6400.804962,19590.282000,2527.344678,20000,2000
