Algorithm,Mean,Std,Q1,Median,Q3
A2C (softmax),14508.484000,6830.463845,7918.000000,20000.000000,20000.000000
A2C (argmax),9738.849000,8164.934847,1141.000000,6328.500000,20000.000000
DQN (softmax),15336.311000,6419.587617,10602.000000,20000.000000,20000.000000
DQN (argmax),20000.000000,0.000000,20000.000000,20000.000000,20000.000000
PPO (softmax),16998.336000,5581.713768,16528.500000,20000.000000,20000.000000
PPO (argmax),20000.000000,0.000000,20000.000000,20000.000000,20000.000000
