Algorithm,Mean,Std
A2C,499.965000,0.493736
DQN,499.240000,10.721119
PPO,491.960000,56.202566
