Algorithm,Mean,Std,Q1,Median,Q3
A2C (softmax),500.000000,0.000000,500.000000,500.000000,500.000000
A2C (argmax),500.000000,0.000000,500.000000,500.000000,500.000000
DQN (softmax),500.000000,0.000000,500.000000,500.000000,500.000000
DQN (argmax),500.000000,0.000000,500.000000,500.000000,500.000000
PPO (softmax),497.960199,28.847142,500.000000,500.000000,500.000000
PPO (argmax),500.000000,0.000000,500.000000,500.000000,500.000000
