Algorithm,# Observations,Mean,Std,Q1,Median,Q3
A2C (softmax),1000,499.723000,6.150469,500.000000,500.000000,500.000000
A2C (argmax),1000,500.000000,0.000000,500.000000,500.000000,500.000000
DQN (softmax),1000,496.517000,33.500115,500.000000,500.000000,500.000000
DQN (argmax),1000,500.000000,0.000000,500.000000,500.000000,500.000000
PPO (softmax),1000,498.088000,25.686967,500.000000,500.000000,500.000000
PPO (argmax),1000,500.000000,0.000000,500.000000,500.000000,500.000000
