Algorithm,# Observations,Mean,Std,Q1,Median,Q3
A2C (softmax),1000,499.066000,14.304672,500.000000,500.000000,500.000000
A2C (argmax),1000,500.000000,0.000000,500.000000,500.000000,500.000000
DQN (softmax),1000,496.725000,30.865764,500.000000,500.000000,500.000000
DQN (argmax),1000,500.000000,0.000000,500.000000,500.000000,500.000000
PPO (softmax),1000,498.715000,21.519196,500.000000,500.000000,500.000000
PPO (argmax),1000,500.000000,0.000000,500.000000,500.000000,500.000000
