Algorithm,# Observations,Mean,Std,Q1,Median,Q3
A2C (softmax),1000,14602.816000,6659.329294,8704.500000,19888.500000,20000.000000
A2C (argmax),1000,10295.325000,8061.688926,3351.500000,7143.000000,20000.000000
DQN (softmax),1000,15491.741000,6254.391339,10524.000000,20000.000000,20000.000000
DQN (argmax),1000,20000.000000,0.000000,20000.000000,20000.000000,20000.000000
PPO (softmax),1000,17357.763000,5434.519635,20000.000000,20000.000000,20000.000000
PPO (argmax),1000,20000.000000,0.000000,20000.000000,20000.000000,20000.000000
