Algorithm,Mean,Std
A2C,500.000000,0.000000
DQN,496.505000,33.462068
PPO,494.885000,38.024752
