Algorithm,Mean,Std,Q1,Median,Q3
A2C (softmax),499.326100,11.664003,500.000000,500.000000,500.000000
A2C (argmax),499.997900,0.209989,500.000000,500.000000,500.000000
DQN (softmax),496.795500,30.239985,500.000000,500.000000,500.000000
DQN (argmax),500.000000,0.000000,500.000000,500.000000,500.000000
PPO (softmax),497.605600,27.995418,500.000000,500.000000,500.000000
PPO (argmax),500.000000,0.000000,500.000000,500.000000,500.000000
