Algorithm,# Observations,Mean,Std,Q1,Median,Q3
A2C (softmax),1000,14650.488000,6685.463887,8740.500000,20000.000000,20000.000000
A2C (argmax),1000,9934.137000,8140.252916,1224.500000,6496.000000,20000.000000
DQN (softmax),1000,15310.168000,6479.977459,10151.000000,20000.000000,20000.000000
DQN (argmax),1000,20000.000000,0.000000,20000.000000,20000.000000,20000.000000
PPO (softmax),1000,17398.454000,5246.126090,18931.000000,20000.000000,20000.000000
PPO (argmax),1000,20000.000000,0.000000,20000.000000,20000.000000,20000.000000
