Algorithm,Mean,Std,Q1,Median,Q3
A2C (softmax),499.672000,7.634947,500.000000,500.000000,500.000000
A2C (argmax),500.000000,0.000000,500.000000,500.000000,500.000000
DQN (softmax),497.487000,25.727064,500.000000,500.000000,500.000000
DQN (argmax),500.000000,0.000000,500.000000,500.000000,500.000000
PPO (softmax),495.520000,42.811676,500.000000,500.000000,500.000000
PPO (argmax),500.000000,0.000000,500.000000,500.000000,500.000000
