Algorithm,Mean,Std
A2C,499.137200,13.393931
DQN,496.297200,32.304750
PPO,497.314100,29.698916
